timesteps,chunk_training_seconds,cumulative_training_seconds,training_steps_per_second,episodes_completed,training_wins,training_losses,training_timeouts,training_mean_return,evaluation_seconds,evaluation_mean_return,evaluation_mean_length,evaluation_win_rate,evaluation_losses,evaluation_timeouts,actor_loss,advantages,entropy,pred_value,target_value,value_loss
500000,0.2330213482491672,0.2330213482491672,2145726.148083889,7587,7148,439,0,5.624357223510742,0.004572408739477396,6.0,20.4375,1.0,0,0,-0.009364957921206951,2.2659301990302083e-08,1.7722495794296265,1.2413192987442017,1.5288652181625366,0.29043930768966675
1000000,0.22086318535730243,0.45388453360646963,2263844.919157182,27414,27414,0,0,6.0,0.0012683458626270294,6.0,17.1796875,1.0,0,0,-0.001268165884539485,8.349418934017194e-09,0.5358385443687439,4.259293079376221,4.3327250480651855,0.04790418595075607
1500000,0.22193742217496037,0.67582195578143,2252887.300843902,29347,29347,0,0,6.0,0.001229405403137207,6.0,17.0078125,1.0,0,0,0.00016769702779129148,5.207062003798058e-10,0.23458752036094666,4.4880828857421875,4.488119125366211,0.00035138611565344036
2000000,0.22147444495931268,0.8972964007407427,2257596.8080283734,29391,29391,0,0,6.0,0.0011946200393140316,6.0,17.0,1.0,0,0,-0.00012489779328461736,1.0523796278860686e-09,0.123906709253788,4.489253044128418,4.489260196685791,4.1498329665046185e-05
2500000,0.22358283633366227,1.120879237074405,2236307.6173424534,29417,29417,0,0,6.0,0.0012415768578648567,6.0,17.0078125,1.0,0,0,-0.00018256423936691135,7.23242743472241e-10,0.041143495589494705,4.489614963531494,4.489614963531494,9.65427943810937e-07
3000000,0.21976849995553493,1.34064773702994,2275121.321304752,29403,29403,0,0,6.0,0.0010686777532100677,6.0,17.0,1.0,0,0,-0.00013664961443282664,-2.8395652496016055e-10,0.052518803626298904,4.489654064178467,4.489654064178467,4.96189556997706e-07
3500000,0.22184311784803867,1.5624908548779786,2253844.9912270764,29405,29405,0,0,6.0,0.0012152181006968021,6.0,17.0,1.0,0,0,-3.170490890624933e-05,8.349418378905682e-10,0.05530109256505966,4.489785671234131,4.489785194396973,1.612015410046297e-07
4000000,0.22001167898997664,1.7825025338679552,2272606.6284089363,29423,29423,0,0,6.0,0.0011366126127541065,6.0,17.0,1.0,0,0,-3.879499126924202e-05,7.096528920058631e-10,0.057999324053525925,4.489668369293213,4.489668846130371,1.2544535366032505e-07
4500000,0.22174395434558392,2.004246488213539,2254852.9067031927,29407,29407,0,0,6.0,0.0011003348045051098,6.0,17.0,1.0,0,0,-9.982737537939101e-05,-3.843307616602232e-10,0.0588591992855072,4.489643096923828,4.489643096923828,2.7688804493664065e-07
5000000,0.21982839005067945,2.2240748782642186,2274501.4867494116,29412,29412,0,0,6.0,0.001085969153791666,6.0,17.0,1.0,0,0,-5.5312277254415676e-05,1.8095970555354057e-10,0.052481912076473236,4.4896650314331055,4.4896650314331055,1.0567889319190726e-07
