timesteps,chunk_training_seconds,cumulative_training_seconds,training_steps_per_second,episodes_completed,successful_training_episodes,training_mean_return,evaluation_seconds,evaluation_mean_return,evaluation_success_rate,evaluation_mean_length,actor_loss,advantages,entropy,pred_value,target_value,value_loss
500000,0.3154132361523807,0.3154132361523807,1585221.9967028992,0,0,,0.06220505991950631,0.0,0.0,1024.0,-0.0027613602578639984,-3.0670166406565613e-09,1.9124946594238281,0.0590442530810833,0.057332444936037064,0.02229142189025879
1000000,0.2711306922137737,0.5865439283661544,1844129.1021592407,1,1,1.0,0.059329128824174404,0.0,0.0,1024.0,-0.002838900312781334,3.6373137834999625e-09,1.8783996105194092,-0.0005266833468340337,-0.0005367192206904292,0.000545722316019237
1500000,0.2691161660477519,0.8556600944139063,1857933.7218681993,999,0,0.0,0.05978323007002473,0.0,0.0,1024.0,-0.002652456983923912,1.8138885948815187e-09,1.8272781372070312,-0.00900537334382534,-0.00901884213089943,0.00021288861171342432
2000000,0.2712094150483608,1.1268695094622672,1843593.8144361333,1,0,0.0,0.05937877111136913,0.0,0.0,1024.0,-0.0024721857625991106,4.1236876135997136e-09,1.8145440816879272,-0.015222224406898022,-0.015214359387755394,0.00012961041647940874
2500000,0.26911316020414233,1.3959826696664095,1857954.4739495937,999,0,0.0,0.05989949498325586,0.0,0.0,1024.0,-0.0025780198629945517,3.034591689043964e-09,1.805841088294983,-0.0036520855501294136,-0.003661124035716057,9.03954787645489e-05
3000000,0.27047135727480054,1.66645402694121,1848624.582794536,1,0,0.0,0.05969508597627282,0.0,0.0,1024.0,-0.0025315198581665754,2.4623871830442567e-09,1.7774711847305298,-0.0027613425627350807,-0.0027602368500083685,6.110187678132206e-05
3500000,0.269806694239378,1.936260721180588,1853178.6300171998,999,0,0.0,0.05966280633583665,0.0,0.0,1024.0,-0.002114095725119114,4.4403076771004635e-09,1.7690174579620361,-0.004221977666020393,-0.004221612587571144,4.1559236706234515e-05
4000000,0.27304061921313405,2.209301340393722,1831229.3659490373,1,0,0.0,0.059953355230391026,0.0,0.0,1024.0,-0.0019047505920752883,1.5344620019064337e-09,1.7783143520355225,-0.0002317079488420859,-0.00023094542848411947,3.4864740882767364e-05
4500000,0.2694665901362896,2.4787679305300117,1855517.5977367444,999,0,0.0,0.05965602397918701,0.0,0.0,1024.0,-0.0015176450833678246,3.509521562250484e-10,1.7895605564117432,0.0016202868428081274,0.0016186597058549523,3.430328797549009e-05
5000000,0.2718081409111619,2.7505760714411736,1839532.8349029126,1,0,0.0,0.05982916383072734,0.0,0.0,1024.0,-0.0007194491336122155,2.288818301554585e-10,1.815047025680542,-8.944973524194211e-05,-8.964044536696747e-05,4.0114082366926596e-05
