timesteps,chunk_training_seconds,cumulative_training_seconds,training_steps_per_second,episodes_completed,positive_return_training_episodes,training_mean_return,evaluation_seconds,evaluation_mean_return,evaluation_mean_length,actor_loss,advantages,entropy,pred_value,target_value,value_loss
500000,3.7499469881877303,3.7499469881877303,133335.21822441532,1427,1383,1.615767478942871,1.8928326945751905,3.2093753814697266,282.515625,-0.006248044315725565,9.716034199414025e-09,3.632401943206787,0.21111471951007843,0.22796158492565155,0.040263522416353226
1000000,3.6366664892993867,7.386613477487117,137488.54932703116,1821,1820,3.294948101043701,1.2753703529015183,4.162500381469727,261.5625,-0.0063306549564003944,-1.197814958331378e-09,3.1807093620300293,0.4397004544734955,0.4564855098724365,0.046752654016017914
1500000,3.6259215283207595,11.012535005807877,137895.97929648537,1781,1780,4.160079002380371,1.270261012017727,4.615625381469727,267.140625,-0.005771166179329157,-2.78472911396932e-10,2.9726531505584717,0.6004966497421265,0.6033016443252563,0.04307517409324646
2000000,3.634012465365231,14.646547471173108,137588.96117318305,1787,1787,4.485003471374512,1.4297970347106457,5.084375381469727,279.234375,-0.006042233668267727,1.0204315170625478e-09,2.9842352867126465,0.5489467978477478,0.5532234311103821,0.04130395129323006
2500000,3.631407913286239,18.277955384459347,137687.64400458816,1780,1780,4.806742191314697,1.6243757181800902,5.006250381469727,277.65625,-0.005528170615434647,-2.628326445375251e-09,2.872528076171875,0.7102388739585876,0.7087772488594055,0.04655040428042412
3000000,3.6324874800629914,21.910442864522338,137646.72355906633,1784,1784,5.1056060791015625,1.9901210479438305,5.381250858306885,305.234375,-0.005282093770802021,3.4656524317000503e-09,2.794146776199341,0.6495201587677002,0.6518272161483765,0.046386025846004486
3500000,3.6337707303464413,25.54421359486878,137598.11421903613,1748,1748,5.374027729034424,3.5379647659137845,5.709375381469727,331.390625,-0.004940326325595379,-2.5215149968005335e-09,2.7789735794067383,0.6060221195220947,0.6106249094009399,0.04881284385919571
4000000,3.6330696269869804,29.17728322185576,137624.66766007614,1698,1698,5.640636444091797,1.6763499192893505,5.740625381469727,270.859375,-0.004268378019332886,5.645752199079368e-10,2.6764256954193115,0.6510476469993591,0.6549638509750366,0.049276888370513916
4500000,3.635844011325389,32.81312723318115,137519.651129844,1664,1664,5.9323320388793945,2.5152866570279,6.100000381469727,307.8125,-0.0031634841579943895,-4.015922705491448e-09,2.5229859352111816,0.7173913717269897,0.719939112663269,0.05314560979604721
5000000,3.6605432317592204,36.47367046494037,136591.74836727855,1696,1696,6.067570686340332,1.7539632567204535,6.193750858306885,292.921875,-0.001444917288608849,2.080917438362917e-09,2.5014328956604004,0.7343528866767883,0.7347737550735474,0.05729733034968376
